{"cameraMode":{"drawMode":0,"name":"Shaded","section":"Shading Mode"},"sceneLighting":true,"audioPlay":false,"sceneViewState":{"showFog":true,"showMaterialUpdate":false,"showSkybox":true,"showFlares":true,"showImageEffects":true,"showParticleSystems":true},"in2DMode":false,"pivot":{"x":-0.06102537736296654,"y":0.7171875238418579,"z":4.424242973327637},"rotation":{"x":-0.3364393711090088,"y":0.6239460706710815,"z":-0.33948206901550295,"w":-0.6183068752288818},"size":4.577270984649658,"orthographic":true}